{"cameraMode":{"drawMode":0,"name":"Shaded","section":"Shading Mode"},"sceneLighting":true,"audioPlay":false,"sceneViewState":{"showFog":true,"showMaterialUpdate":false,"showSkybox":true,"showFlares":true,"showImageEffects":true,"showParticleSystems":true},"in2DMode":false,"pivot":{"x":15.601372718811036,"y":-18.746566772460939,"z":73.98760986328125},"rotation":{"x":0.020190082490444185,"y":0.9131500720977783,"z":-0.40484485030174258,"w":0.04550577700138092},"size":119.36324310302735,"orthographic":false}